neighbourhood,name,href,img,star_rating,review_count,location,category,price_range
Geylang,JB Ah Meng,www.yelp.com/biz/jb-ah-meng-singapore?osq=Restaurants,https://s3-media0.fl.yelpcdn.com/bphoto/R1O2t4Mlj2EXMCpGDpEe8Q/348s.jpg,4.5,21,Geylang,"['Chinese', 'Seafood']",2.0
Geylang,Penang Seafood Restaurant,www.yelp.com/biz/penang-seafood-restaurant-singapore?osq=Restaurants,https://s3-media0.fl.yelpcdn.com/bphoto/n8F45PR_g6bxTL22eFZqPA/348s.jpg,4,12,Geylang,"['Malaysian', 'Seafood']",1.0
Geylang,來姐家,www.yelp.com/biz/%E4%BE%86%E5%A7%90%E5%AE%B6-singapore?osq=Restaurants,https://s3-media0.fl.yelpcdn.com/bphoto/dM07ZCS4TlXS3twSklaJiQ/348s.jpg,5,1,Geylang,"['Szechuan', 'Imported Food']",
Geylang,No Signboard Seafood Restaurant,www.yelp.com/biz/no-signboard-seafood-restaurant-singapore-4?osq=Restaurants,https://s3-media0.fl.yelpcdn.com/bphoto/Fen06sNQancYz3uw0xbI_Q/348s.jpg,3.5,53,Geylang,['Seafood'],3.0
Geylang,Collin’s Grill,www.yelp.com/biz/collins-grill-singapore-2?osq=Restaurants,https://s3-media0.fl.yelpcdn.com/bphoto/4V3U0h2Dmd5uu0GJMsLWYA/348s.jpg,5,1,Geylang,"['Restaurants', 'Street Vendors']",
Geylang,Sin Huat Seafood Restaurant,www.yelp.com/biz/sin-huat-seafood-restaurant-singapore?osq=Restaurants,https://s3-media0.fl.yelpcdn.com/bphoto/MM9YUki7MlakPIJY-xpOdA/348s.jpg,4,11,Geylang,"['Seafood', 'Singaporean']",4.0
Geylang,Old Airport Road Food Centre,www.yelp.com/biz/old-airport-road-food-centre-singapore?osq=Restaurants,https://s3-media0.fl.yelpcdn.com/bphoto/RQ2oY9RFsCvqwPepyjnaZA/348s.jpg,4.5,65,Mountbatten,"['Hawker Centre', 'Food Court']",1.0
Geylang,Builders Cafe,www.yelp.com/biz/builders-cafe-singapore-2?osq=Restaurants,https://s3-media0.fl.yelpcdn.com/bphoto/Af00wM1hornJGNsFWZ6Q3Q/348s.jpg,4.5,2,Geylang,['Cafes'],
Geylang,KL Delight Seafood Restaurant,www.yelp.com/biz/kl-delight-seafood-restaurant-singapore?osq=Restaurants,https://s3-media0.fl.yelpcdn.com/bphoto/HiNGFG4FH9sOMFBTO-jFTQ/348s.jpg,4.5,2,Geylang,['Seafood'],
Geylang,126 Eating House,www.yelp.com/biz/126-eating-house-singapore?osq=Restaurants,https://s3-media0.fl.yelpcdn.com/bphoto/jtDcQMI4LBR5j-fodYBYAQ/348s.jpg,4,2,Geylang,['Dim Sum'],
Geylang,Tian Tian Xiang Claypot Rice,www.yelp.com/biz/tian-tian-xiang-claypot-rice-singapore?osq=Restaurants,https://s3-media0.fl.yelpcdn.com/bphoto/rRVxvz79iV5kjqD7teL8bA/348s.jpg,4.5,2,Geylang,"['Chinese', 'Asian Fusion']",1.0
Geylang,Iskina Cebu,www.yelp.com/biz/iskina-cebu-singapore?osq=Restaurants,https://s3-media0.fl.yelpcdn.com/bphoto/kiSRSl41ymQcEJlxblYKBA/348s.jpg,4,3,Eunos,"['Filipino', 'Asian Fusion']",4.0
Geylang,Sweet Garden Dining Cafe,www.yelp.com/biz/sweet-garden-dining-cafe-singapore?osq=Restaurants,https://s3-media0.fl.yelpcdn.com/bphoto/AmdRiPgjRKtRCuO3lV-1bQ/348s.jpg,4,1,Mountbatten,"['Desserts', 'Coffee & Tea', 'Pizza']",
Geylang,Nanyang Old Taste,www.yelp.com/biz/nanyang-old-taste-singapore?osq=Restaurants,https://s3-media0.fl.yelpcdn.com/bphoto/N_witKz_D3M1647hXhRxhQ/348s.jpg,5,1,Geylang,['Singaporean'],
Geylang,Hup Kee Fried Oyster Omelette,www.yelp.com/biz/hup-kee-fried-oyster-omelette-singapore-2?osq=Restaurants,https://s3-media0.fl.yelpcdn.com/bphoto/QkvzM-MewOFLCh-jhyXH-Q/348s.jpg,4,1,Geylang,['Singaporean'],1.0
Geylang,Swee Guan Hokkien Mee,www.yelp.com/biz/swee-guan-hokkien-mee-singapore?osq=Restaurants,https://s3-media0.fl.yelpcdn.com/bphoto/YJeXnIdL_3-363vheUtqkQ/348s.jpg,4,5,Geylang,"['Hokkien', 'Noodles']",1.0
Geylang,Kong Kee Seafood Restaurant,www.yelp.com/biz/kong-kee-seafood-restaurant-singapore?osq=Restaurants,https://s3-media0.fl.yelpcdn.com/bphoto/k2zjrTTSgkhCONMYEy_LoA/348s.jpg,3.5,2,Geylang,['Cantonese'],2.0
Geylang,Geylang Lorong 9 Beef Kway Teow,www.yelp.com/biz/geylang-lorong-9-beef-kway-teow-singapore?osq=Restaurants,https://s3-media0.fl.yelpcdn.com/bphoto/gRr9_mg_SRN7xrkqn9Pq4g/348s.jpg,4,14,Geylang,['Chinese'],1.0
Geylang,旺角點心 Mongkok Dim Sum,www.yelp.com/biz/%E6%97%BA%E8%A7%92%E9%BB%9E%E5%BF%83-mongkok-dim-sum-singapore?osq=Restaurants,https://s3-media0.fl.yelpcdn.com/bphoto/UmNo8niqt2PFYRmIRZmCoQ/348s.jpg,3.5,10,Geylang,['Dim Sum'],1.0
Geylang,Sia Kee Duck Rice,www.yelp.com/biz/sia-kee-duck-rice-singapore?osq=Restaurants,https://s3-media0.fl.yelpcdn.com/bphoto/2xATDIJ7m_RA_I96JTfSKQ/348s.jpg,4.5,2,Geylang,['Chinese'],
Geylang,Tan Ser Seng Herbal Restaurant,www.yelp.com/biz/tan-ser-seng-herbal-restaurant-singapore?osq=Restaurants,https://s3-media0.fl.yelpcdn.com/bphoto/9A1mEkn6haGa7LI0cGShwA/348s.jpg,4.5,3,Geylang,['Chinese'],
Geylang,Little Vietnam Restaurant & Cafe,www.yelp.com/biz/little-vietnam-restaurant-and-cafe-singapore?osq=Restaurants,https://s3-media0.fl.yelpcdn.com/bphoto/FUTn42NhHq7HaU6oA8B73w/348s.jpg,3.5,9,Geylang,['Vietnamese'],1.0
Geylang,Yong He Eating House 永和豆浆油条大王,www.yelp.com/biz/yong-he-eating-house-%E6%B0%B8%E5%92%8C%E8%B1%86%E6%B5%86%E6%B2%B9%E6%9D%A1%E5%A4%A7%E7%8E%8B-singapore?osq=Restaurants,https://s3-media0.fl.yelpcdn.com/bphoto/N4hvda9h4hf9oh2pXjD0EA/348s.jpg,2.5,4,Geylang,['Chinese'],1.0
Geylang,Yes Natural,www.yelp.com/biz/yes-natural-singapore-2?osq=Restaurants,https://s3-media0.fl.yelpcdn.com/bphoto/U6M6iZsuz5MQ8tu8qFe55Q/348s.jpg,3,1,Geylang,['Vegetarian'],2.0
Geylang,Don Lechon,www.yelp.com/biz/don-lechon-singapore-2?osq=Restaurants,https://s3-media0.fl.yelpcdn.com/bphoto/vC_H5zAqiLl_QlhxnZJG0Q/348s.jpg,5,1,Geylang,['Filipino'],
Geylang,Tasvee Restaurant,www.yelp.com/biz/tasvee-restaurant-singapore?osq=Restaurants,https://s3-media0.fl.yelpcdn.com/bphoto/-E2PAk3A1ni2AYR77y3rBg/348s.jpg,4.5,4,Geylang,['Indian'],
Geylang,Chicken Claypot House,www.yelp.com/biz/chicken-claypot-house-singapore?osq=Restaurants,https://s3-media0.fl.yelpcdn.com/bphoto/yHMWbiHBnH8_vzcZH6X-Wg/348s.jpg,4.5,2,Geylang,['Chinese'],
Geylang,Ju Shin Jung,www.yelp.com/biz/ju-shin-jung-singapore-3?osq=Restaurants,https://s3-media0.fl.yelpcdn.com/bphoto/E97UHpfFV_xtTv5mfhfpGA/348s.jpg,3.5,2,Geylang,['Korean'],
Geylang,Sik Bao Sin - Desmond’s Creation,www.yelp.com/biz/sik-bao-sin-desmonds-creation-singapore?osq=Restaurants,https://s3-media0.fl.yelpcdn.com/bphoto/h6NMfPJsX4txX_eOMeO99w/348s.jpg,3.5,10,Geylang,['Cantonese'],
Geylang,Koung’s Wantan Mee,www.yelp.com/biz/koungs-wantan-mee-geylang?osq=Restaurants,https://s3-media0.fl.yelpcdn.com/bphoto/dN6H3EEOPpdKn1G1_zOIZw/348s.jpg,3.5,3,Geylang,"['Cantonese', 'Noodles']",1.0
Geylang,LDM Charcoal BBQ Restaurant,www.yelp.com/biz/ldm-charcoal-bbq-restaurant-singapore?osq=Restaurants,https://s3-media0.fl.yelpcdn.com/bphoto/b1qdHHD0S-cCQ9E2IQYtPw/348s.jpg,4,2,Geylang,['Chinese'],2.0
Geylang,The Tuckshop,www.yelp.com/biz/the-tuckshop-singapore?osq=Restaurants,https://s3-media0.fl.yelpcdn.com/bphoto/byzresXnEKNMsHzlOPUmRQ/348s.jpg,3.5,10,Geylang,"['Bars', 'Gastropubs']",2.0
Geylang,Golden Jade Restaurant Culinary Group,www.yelp.com/biz/golden-jade-restaurant-culinary-group-singapore?osq=Restaurants,https://s3-media0.fl.yelpcdn.com/bphoto/rokpGZmHyKnnHCzMhEQV6w/348s.jpg,4.5,2,Geylang,['Szechuan'],2.0
Geylang,Ah Guan,www.yelp.com/biz/ah-guan-singapore?osq=Restaurants,https://s3-media0.fl.yelpcdn.com/bphoto/GF22SLZHbPOXDk0hcTV78A/348s.jpg,4,1,Geylang,['Chinese'],
Geylang,New Scissor-Cut Curry Rice,www.yelp.com/biz/new-scissor-cut-curry-rice-singapore?osq=Restaurants,https://s3-media0.fl.yelpcdn.com/bphoto/6uQV4Q-tfndGTQNz71WrbA/348s.jpg,4,2,Geylang,['Singaporean'],
Geylang,Happy Crab,www.yelp.com/biz/happy-crab-singapore?osq=Restaurants,https://s3-media0.fl.yelpcdn.com/bphoto/lGWzdL3aDbsa9jsLWjtl7Q/348s.jpg,4.5,11,Arab Street,"['Seafood', 'Singaporean']",3.0
Geylang,Hollywood Lian Kee Duck Rice,www.yelp.com/biz/hollywood-lian-kee-duck-rice-singapore?osq=Restaurants,https://s3-media0.fl.yelpcdn.com/bphoto/j9m_VC7T5OgYC5Ld_cnqBg/348s.jpg,5,1,Geylang,['Chinese'],2.0
Geylang,Geylang Lor 9 Fresh Frog Leg Porridge,www.yelp.com/biz/geylang-lor-9-fresh-frog-leg-porridge-no-title?osq=Restaurants,https://s3-media0.fl.yelpcdn.com/bphoto/s_I94pnWI5sGRCCQWXrksQ/348s.jpg,4,17,Geylang,['Chinese'],1.0
Geylang,Brawn & Brains Coffee,www.yelp.com/biz/brawn-and-brains-coffee-singapore?osq=Restaurants,https://s3-media0.fl.yelpcdn.com/bphoto/hjOEisgZi9IC1-Nsx4sqPA/348s.jpg,4,26,Geylang,"['Coffee & Tea', 'Sandwiches']",2.0
Geylang,Fatt Choy Mui Seafood Restaurant,www.yelp.com/biz/fatt-choy-mui-seafood-restaurant-singapore?osq=Restaurants,https://s3-media0.fl.yelpcdn.com/bphoto/2UwRzhUzTtE0jV0uDsIolw/348s.jpg,4.5,2,Mountbatten,"['Seafood', 'Cantonese', 'Street Vendors']",
Geylang,Boon’s Chicken Rice,www.yelp.com/biz/boons-chicken-rice-singapore?osq=Restaurants,https://s3-media0.fl.yelpcdn.com/bphoto/YoEwdfmIAM3HVfufDSTrNw/348s.jpg,4,2,Geylang,['Chinese'],
Geylang,Arnold’s Fried Chicken,www.yelp.com/biz/arnolds-fried-chicken-singapore?osq=Restaurants,https://s3-media0.fl.yelpcdn.com/bphoto/caKl7zBR5Y7Nz5hXM7VN1g/348s.jpg,4,24,Geylang,['Fast Food'],1.0
Geylang,Teochew Kway Tiao Soup,www.yelp.com/biz/teochew-kway-tiao-soup-singapore?osq=Restaurants,https://s3-media0.fl.yelpcdn.com/bphoto/8BB_KT4wlFIZQv3GVwDc0A/348s.jpg,5,1,Geylang,['Soup'],1.0
Geylang,The Ranch Restaurant,www.yelp.com/biz/the-ranch-restaurant-singapore?osq=Restaurants,https://s3-media0.fl.yelpcdn.com/bphoto/A9f2q74rO0HUUalc9iNMEg/348s.jpg,3,2,Geylang,"['Chinese', 'Seafood']",2.0
Geylang,Eatzi Gourmet Bistro,www.yelp.com/biz/eatzi-gourmet-bistro-singapore-2?osq=Restaurants,https://s3-media0.fl.yelpcdn.com/bphoto/w3e8611diezs-wHmtGNqPw/348s.jpg,4,1,Eunos,"['Steakhouses', 'Breakfast & Brunch', 'Halal']",
Geylang,Goldhill Hakka Restaurant,www.yelp.com/biz/goldhill-hakka-restaurant-singapore?osq=Restaurants,https://s3-media0.fl.yelpcdn.com/bphoto/ay3ualRA0ksXMaG-Fljuyw/348s.jpg,5,5,,"['Hakka', 'Seafood']",
Geylang,Xin Mei Xiang Lor Mee,www.yelp.com/biz/xin-mei-xiang-lor-mee-singapore?osq=Restaurants,https://s3-media0.fl.yelpcdn.com/bphoto/SI-bjnrmCijBiKxVotQUqQ/348s.jpg,4.5,5,Mountbatten,['Chinese'],
Geylang,ParaThai,www.yelp.com/biz/parathai-singapore?osq=Restaurants,https://s3-media0.fl.yelpcdn.com/bphoto/8i42UpbYeJ7ShfGJ6rEciQ/348s.jpg,4.5,3,Katong,['Thai'],
Geylang,The BOILER Seafood Bar & Beer,www.yelp.com/biz/the-boiler-seafood-bar-and-beer-singapore?osq=Restaurants,https://s3-media0.fl.yelpcdn.com/bphoto/x4Ekir-s0H8O18APbPx19A/348s.jpg,4,16,Macpherson,"['Seafood', 'Bars']",4.0
Geylang,Leong Kee Bak Kut Teh,www.yelp.com/biz/leong-kee-bak-kut-teh-singapore?osq=Restaurants,https://s3-media0.fl.yelpcdn.com/bphoto/fI_Pc_po5KYMUQKbo2xQ4Q/348s.jpg,4,8,Geylang,['Chinese'],1.0
Geylang,Liao Fan Hawker Chan,www.yelp.com/biz/liao-fan-hawker-chan-singapore-5?osq=Restaurants,https://s3-media0.fl.yelpcdn.com/bphoto/lBBnXraI5yhfJvXPHTgGRw/348s.jpg,4,17,Macpherson,"['Noodles', 'Cantonese']",1.0
Geylang,Eastern House of Seafood Delicacy,www.yelp.com/biz/eastern-house-of-seafood-delicacy-singapore?osq=Restaurants,https://s3-media0.fl.yelpcdn.com/bphoto/YU2_5YSauMFesRqLq5qU5Q/348s.jpg,4,2,Geylang,"['Seafood', 'Chinese']",
Geylang,Five Star Hainanese Chicken Rice,www.yelp.com/biz/five-star-hainanese-chicken-rice-singapore-2?osq=Restaurants,https://s3-media0.fl.yelpcdn.com/bphoto/6v4NSQoEyRbvCHiKMzH7Ug/348s.jpg,4.5,23,Katong,"['Chicken Shop', 'Hainan']",2.0
Geylang,Forty Hands East Coast,www.yelp.com/biz/forty-hands-east-coast-singapore?osq=Restaurants,https://s3-media0.fl.yelpcdn.com/bphoto/1OYL8OuFAspKZoCd0hHMrg/348s.jpg,4.5,2,Katong,['Cafes'],
Geylang,328 Katong Laksa,www.yelp.com/biz/328-katong-laksa-singapore-3?osq=Restaurants,https://s3-media0.fl.yelpcdn.com/bphoto/KZn7vR-8IEX67DyLjsZUpA/348s.jpg,4,87,Katong,['Singaporean'],1.0
Geylang,Lighthouse Bistro,www.yelp.com/biz/lighthouse-bistro-singapore?osq=Restaurants,https://s3-media0.fl.yelpcdn.com/bphoto/KVi-u596Tuireq8Izqm2VA/348s.jpg,5,1,Lavender,['Bistros'],
Geylang,Knots Cafe & Living,www.yelp.com/biz/knots-cafe-and-living-singapore?osq=Restaurants,https://s3-media0.fl.yelpcdn.com/bphoto/csHQWwhGm-IrFYrfmli5YQ/348s.jpg,4.5,7,Ubi,"['Coffee & Tea', 'Breakfast & Brunch']",
Geylang,Foon’s Thai Recipe,www.yelp.com/biz/foons-thai-recipe-singapore?osq=Restaurants,https://s3-media0.fl.yelpcdn.com/bphoto/ArL771LbuJeGezjUhYherQ/348s.jpg,5,1,Mountbatten,['Thai'],1.0
Geylang,Lang Nuong Viet Nam,www.yelp.com/biz/lang-nuong-viet-nam-singapore?osq=Restaurants,https://s3-media0.fl.yelpcdn.com/bphoto/PKKRtfZKUrjEkDyY8DFnPg/348s.jpg,4.5,5,Little India,"['Vietnamese', 'Barbeque']",2.0
Geylang,Lucy’s Penang Delights,www.yelp.com/biz/lucys-penang-delights-singapore?osq=Restaurants,https://s3-media0.fl.yelpcdn.com/assets/srv0/yelp_styleguide/ec91c6e75078/assets/img/default_avatars/business_medium_square.png,4,1,Geylang,"['Chinese', 'Malaysian']",
Geylang,Tai Hwa Pork Noodle,www.yelp.com/biz/tai-hwa-pork-noodle-singapore?osq=Restaurants,https://s3-media0.fl.yelpcdn.com/bphoto/nxea-BvWww-FXGj6vEZ8kg/348s.jpg,4,85,Lavender,"['Chinese', 'Noodles']",1.0
Geylang,Hin Fried Hor Fun,www.yelp.com/biz/hin-fried-hor-fun-singapore?osq=Restaurants,https://s3-media0.fl.yelpcdn.com/bphoto/d3FZ72d5osdT0hhsZtPE-g/348s.jpg,4,1,Mountbatten,['Chinese'],
Geylang,The Mango Tree,www.yelp.com/biz/the-mango-tree-singapore-2?osq=Restaurants,https://s3-media0.fl.yelpcdn.com/bphoto/x1zvA9FE9Hm14EfEtJGdbQ/348s.jpg,4,6,Katong,['Indian'],2.0
Geylang,Mei Toy Thai Food,www.yelp.com/biz/mei-toy-thai-food-singapore?osq=Restaurants,https://s3-media0.fl.yelpcdn.com/bphoto/Qw1pPyMUOUJZ7Q7DCULYqg/348s.jpg,4,2,Geylang,['Thai'],1.0
Geylang,Blanco Court Traditional Hainan Beef Noodles,www.yelp.com/biz/blanco-court-traditional-hainan-beef-noodles-singapore?osq=Restaurants,https://s3-media0.fl.yelpcdn.com/bphoto/jkIGhMfVW-AlCMB4HUqK5g/348s.jpg,3.5,3,Geylang,"['Hainan', 'Noodles']",
Geylang,Ho Kee Pau,www.yelp.com/biz/ho-kee-pau-singapore?osq=Restaurants,https://s3-media0.fl.yelpcdn.com/bphoto/FvQxlFU9JaFd7qSX4bYHVg/348s.jpg,3.5,4,Geylang,['Dim Sum'],1.0
Geylang,The Skewer Bar,www.yelp.com/biz/the-skewer-bar-singapore?osq=Restaurants,https://s3-media0.fl.yelpcdn.com/bphoto/ux4uGiedVKvKcGKzoGVuwA/348s.jpg,2,4,Geylang,"['Japanese', 'Bars']",
Geylang,Shi Wei Xiang HongKong Tim Sum,www.yelp.com/biz/shi-wei-xiang-hongkong-tim-sum-singapore?osq=Restaurants,https://s3-media0.fl.yelpcdn.com/bphoto/9_I6uOVwzWyENrnxXCV-5Q/348s.jpg,4,1,Geylang,['Dim Sum'],
Geylang,Gu Cheng 古城,www.yelp.com/biz/gu-cheng-%E5%8F%A4%E5%9F%8E-singapore?osq=Restaurants,https://s3-media0.fl.yelpcdn.com/bphoto/YtQAj40TjJBagmrALPLuZg/348s.jpg,4,1,Lavender,['Malaysian'],
Geylang,Chabuton,www.yelp.com/biz/chabuton-singapore-4?osq=Restaurants,https://s3-media0.fl.yelpcdn.com/bphoto/dW_qiNI1qR_oiS11-YKwjg/348s.jpg,5,6,City Hall,['Ramen'],2.0
Geylang,Xin Ban Mian辛板面,www.yelp.com/biz/xin-ban-mian%E8%BE%9B%E6%9D%BF%E9%9D%A2-singapore?osq=Restaurants,https://s3-media0.fl.yelpcdn.com/assets/srv0/yelp_styleguide/ec91c6e75078/assets/img/default_avatars/business_medium_square.png,3,1,Geylang,['Kopitiam'],
Geylang,Delicious Boneless Chicken Rice,www.yelp.com/biz/delicious-boneless-chicken-rice-singapore-3?osq=Restaurants,https://s3-media0.fl.yelpcdn.com/bphoto/n7g9nJkDCWQ3M-KZpaGvIA/348s.jpg,4.5,20,Katong,"['Chicken Shop', 'Hainan']",1.0
Geylang,Toast Hut,www.yelp.com/biz/toast-hut-singapore?osq=Restaurants,https://s3-media0.fl.yelpcdn.com/bphoto/DpKX4__VpAQVcRdTcPzVBQ/348s.jpg,3,1,Mountbatten,['Cafes'],
Geylang,83 Seafood Restaurant,www.yelp.com/biz/83-seafood-restaurant-singapore?osq=Restaurants,https://s3-media0.fl.yelpcdn.com/bphoto/rt7zSoxvschmJrYRZ5Jm3Q/348s.jpg,5,1,Macpherson,['Seafood'],
Geylang,Boon Tong Kee,www.yelp.com/biz/boon-tong-kee-singapore?osq=Restaurants,https://s3-media0.fl.yelpcdn.com/bphoto/Y6rO_lLZRSMRq4WsiyWnWQ/348s.jpg,4.5,14,Boon Keng,['Cantonese'],2.0
Geylang,Sean Kee Duck Rice,www.yelp.com/biz/sean-kee-duck-rice-singapore?osq=Restaurants,https://s3-media0.fl.yelpcdn.com/bphoto/PF3DtM7ldYIdSm9LFXE5_w/348s.jpg,4,2,Geylang,['Chinese'],1.0
Geylang,Mrs Pho,www.yelp.com/biz/mrs-pho-singapore?osq=Restaurants,https://s3-media0.fl.yelpcdn.com/bphoto/dxejKPANhZ_aNgoN4dPqUw/348s.jpg,4,58,Arab Street,['Vietnamese'],1.0
Geylang,NOM,www.yelp.com/biz/nom-singapore?osq=Restaurants,https://s3-media0.fl.yelpcdn.com/bphoto/_9N6_UETiokZ8frfL43JRQ/348s.jpg,3,5,Macpherson,['Cafes'],1.0
Geylang,Mr and Mrs Mohgan’s Super Crispy Roti Prata,www.yelp.com/biz/mr-and-mrs-mohgans-super-crispy-roti-prata-singapore?osq=Restaurants,https://s3-media0.fl.yelpcdn.com/bphoto/kCiD6j0qJZgdb8E43gcY1A/348s.jpg,4,31,Joo Chiat,"['Indian', 'Food Stands']",1.0
Geylang,Albert Street Prawn Noodles,www.yelp.com/biz/albert-street-prawn-noodles-singapore?osq=Restaurants,https://s3-media0.fl.yelpcdn.com/bphoto/iPtY2nvm3FksLhLgHu6cOg/348s.jpg,4,5,Mountbatten,['Chinese'],
Geylang,Mr and Mrs Mohgan’s Super Crispy Roti Prata,www.yelp.com/biz/mr-and-mrs-mohgans-super-crispy-roti-prata-singapore?osq=Restaurants,https://s3-media0.fl.yelpcdn.com/bphoto/kCiD6j0qJZgdb8E43gcY1A/348s.jpg,4,31,Joo Chiat,"['Indian', 'Food Stands']",1.0
Geylang,Albert Street Prawn Noodles,www.yelp.com/biz/albert-street-prawn-noodles-singapore?osq=Restaurants,https://s3-media0.fl.yelpcdn.com/bphoto/iPtY2nvm3FksLhLgHu6cOg/348s.jpg,4,5,Mountbatten,['Chinese'],
Geylang,Founder Bak Kut Teh,www.yelp.com/biz/founder-bak-kut-teh-no-title?osq=Restaurants,https://s3-media0.fl.yelpcdn.com/bphoto/vyaqSIemX43fcOPwCNtkjQ/348s.jpg,4,13,Lavender,['Singaporean'],2.0
Geylang,Toa Payoh Rojak,www.yelp.com/biz/toa-payoh-rojak-singapore?osq=Restaurants,https://s3-media0.fl.yelpcdn.com/bphoto/Md4JLPtqRJ1qaHxyNGLbAg/348s.jpg,4.5,5,Mountbatten,"['Street Vendors', 'Singaporean']",1.0
Geylang,Green Dot,www.yelp.com/biz/green-dot-singapore?osq=Restaurants,https://s3-media0.fl.yelpcdn.com/bphoto/UqjCL1Gaz3phWfiwkuveWQ/348s.jpg,4,8,Eunos,"['Breakfast & Brunch', 'Vegetarian']",1.0
Geylang,The Original Katong Laksa,www.yelp.com/biz/the-original-katong-laksa-singapore?osq=Restaurants,https://s3-media0.fl.yelpcdn.com/bphoto/9hcAJeQd7Ig6dcFSxb_L3A/348s.jpg,4.5,9,Marine Parade,['Singaporean'],
Geylang,Eminent Frog Leg Porridge,www.yelp.com/biz/eminent-frog-leg-porridge-singapore-3?osq=Restaurants,https://s3-media0.fl.yelpcdn.com/bphoto/_TSXT7mRSKPKUH3zQfecdQ/348s.jpg,3,7,Geylang,['Seafood'],
Geylang,Traditional Haig Road Putu Piring,www.yelp.com/biz/traditional-haig-road-putu-piring-singapore-3?osq=Restaurants,https://s3-media0.fl.yelpcdn.com/bphoto/qNubU4yVu0Qpz0WdfkIHww/348s.jpg,4.5,9,Joo Chiat,"['Cafes', 'Pakistani', 'Indian']",
Geylang,Shuang Shun Chicken Rice,www.yelp.com/biz/shuang-shun-chicken-rice-singapore?osq=Restaurants,https://s3-media0.fl.yelpcdn.com/bphoto/H0qHO6GqjHd2GXNtfXhb0w/348s.jpg,5,1,Geylang,['Singaporean'],
Geylang,Colony,www.yelp.com/biz/colony-singapore-2?osq=Restaurants,https://s3-media0.fl.yelpcdn.com/bphoto/hcoqHsOLOE8G4iqFh1RwNA/348s.jpg,4.5,26,City Hall,"['Indian', 'Chinese', 'Malaysian']",4.0
Geylang,Gyu Kaku Japanese BBQ,www.yelp.com/biz/gyu-kaku-japanese-bbq-singapore-5?osq=Restaurants,https://s3-media0.fl.yelpcdn.com/bphoto/E2McO9jaZWi1APBwIshQRg/348s.jpg,5,1,Katong,"['Barbeque', 'Japanese']",
Geylang,Saigon Vietnamese Delicacy,www.yelp.com/biz/saigon-vietnamese-delicacy-singapore?osq=Restaurants,https://s3-media0.fl.yelpcdn.com/assets/srv0/yelp_styleguide/ec91c6e75078/assets/img/default_avatars/business_medium_square.png,4,1,Geylang,['Vietnamese'],1.0
Geylang,Ponggol Nasi Lemak,www.yelp.com/biz/ponggol-nasi-lemak-singapore-3?osq=Restaurants,https://s3-media0.fl.yelpcdn.com/bphoto/35R8_YvS2YY8RpSyk1mcUg/348s.jpg,4,13,Tanjong Rhu,['Singaporean'],1.0
Geylang,Sushi Murasaki,www.yelp.com/biz/sushi-murasaki-singapore?osq=Restaurants,https://s3-media0.fl.yelpcdn.com/bphoto/tgrqkdUgzINKPfdxfiXecw/348s.jpg,4.5,6,City Hall,['Sushi Bars'],4.0
Geylang,The Refinery,www.yelp.com/biz/the-refinery-singapore?osq=Restaurants,https://s3-media0.fl.yelpcdn.com/bphoto/r1oh3SrSxzBK-k3TxUDILg/348s.jpg,3.5,7,Lavender,"['Japanese', 'Tapas/Small Plates', 'Bars']",
Geylang,Jack’s Place,www.yelp.com/biz/jacks-place-singapore-7?osq=Restaurants,https://s3-media0.fl.yelpcdn.com/bphoto/LzvBx9tG2wy0Ph9L9PdWtA/348s.jpg,2,2,Eunos,['Steakhouses'],2.0
Geylang,Platform 1094,www.yelp.com/biz/platform-1094-singapore?osq=Restaurants,https://s3-media0.fl.yelpcdn.com/bphoto/KP4jyDnMywQI3qgnfMFWYg/348s.jpg,3.5,13,Boon Keng,['Themed Cafes'],2.0
Geylang,Xiang Yuan Ji - Shanghai Sheng Jian Bao,www.yelp.com/biz/xiang-yuan-ji-shanghai-sheng-jian-bao-singapore?osq=Restaurants,https://s3-media0.fl.yelpcdn.com/bphoto/BJhE5zTraRGmD4b9GGFiaQ/348s.jpg,4,5,Little India,['Chinese'],1.0
Geylang,San Shu Gong,www.yelp.com/biz/san-shu-gong-singapore?osq=Restaurants,https://s3-media0.fl.yelpcdn.com/bphoto/cOfDOm5qbh9jWgZZ-XQnZA/348s.jpg,5,1,Kallang,['Teochew'],
Geylang,Tian Fu Tea Room,www.yelp.com/biz/tian-fu-tea-room-singapore?osq=Restaurants,https://s3-media0.fl.yelpcdn.com/bphoto/AGoJxcfwPqsrYbLXfGX8VQ/348s.jpg,4,3,Arab Street,"['Dim Sum', 'Tea Rooms']",
